REM INSERTING into DCV_ROLE
SET DEFINE OFF;
Insert into DCV_ROLE (ROLE_CODE,ROLE_NAME,ROLE_TYPE,BAGIAN) values ('DISTRIBUTOR_ROLE','Distributor','WF','Distributor');
Insert into DCV_ROLE (ROLE_CODE,ROLE_NAME,ROLE_TYPE,BAGIAN) values ('SALES_ROLE','Sales','WF','Sales');
Insert into DCV_ROLE (ROLE_CODE,ROLE_NAME,ROLE_TYPE,BAGIAN) values ('TC_ROLE','TC','WF','TC');
Insert into DCV_ROLE (ROLE_CODE,ROLE_NAME,ROLE_TYPE,BAGIAN) values ('TAX_ROLE','Tax','WF','Tax');
Insert into DCV_ROLE (ROLE_CODE,ROLE_NAME,ROLE_TYPE,BAGIAN) values ('PROMO_ROLE','Promo','WF','Promo');
Insert into DCV_ROLE (ROLE_CODE,ROLE_NAME,ROLE_TYPE,BAGIAN) values ('AP_ROLE','AP','WF','AP');
Insert into DCV_ROLE (ROLE_CODE,ROLE_NAME,ROLE_TYPE,BAGIAN) values ('AR_ROLE','AR','WF','AR');
Insert into DCV_ROLE (ROLE_CODE,ROLE_NAME,ROLE_TYPE,BAGIAN) values ('TC_SPV_ROLE','TC Supervisor','WF','TC');
COMMIT;

REM INSERTING into DCV_USER_ACCESS
SET DEFINE OFF;
Insert into DCV_USER_ACCESS (ID,USER_NAME,USER_INITIAL,PASSWORD,FULL_NAME,DESCR,TITLE,CONTACT_NO,COMPANY_ID,ACTIVE_PERIOD_FROM,ACTIVE_PERIOD_TO,USER_TYPE,USER_DIVISION,DIRECT_SPV,CUST_AUTH_FLAG,EMAIL_ADDR) values (7,'AR1','AR1',null,null,null,null,null,null,null,null,null,'AR',null,null,null);
Insert into DCV_USER_ACCESS (ID,USER_NAME,USER_INITIAL,PASSWORD,FULL_NAME,DESCR,TITLE,CONTACT_NO,COMPANY_ID,ACTIVE_PERIOD_FROM,ACTIVE_PERIOD_TO,USER_TYPE,USER_DIVISION,DIRECT_SPV,CUST_AUTH_FLAG,EMAIL_ADDR) values (8,'TC2','TC2',null,null,null,null,null,null,null,null,null,'TC',null,null,null);
Insert into DCV_USER_ACCESS (ID,USER_NAME,USER_INITIAL,PASSWORD,FULL_NAME,DESCR,TITLE,CONTACT_NO,COMPANY_ID,ACTIVE_PERIOD_FROM,ACTIVE_PERIOD_TO,USER_TYPE,USER_DIVISION,DIRECT_SPV,CUST_AUTH_FLAG,EMAIL_ADDR) values (6,'AP1','AP1',null,null,null,null,null,null,null,null,null,'AP',null,null,null);
Insert into DCV_USER_ACCESS (ID,USER_NAME,USER_INITIAL,PASSWORD,FULL_NAME,DESCR,TITLE,CONTACT_NO,COMPANY_ID,ACTIVE_PERIOD_FROM,ACTIVE_PERIOD_TO,USER_TYPE,USER_DIVISION,DIRECT_SPV,CUST_AUTH_FLAG,EMAIL_ADDR) values (1,'Sales1','SL1',null,null,null,null,null,null,null,null,null,'SALES',null,null,null);
Insert into DCV_USER_ACCESS (ID,USER_NAME,USER_INITIAL,PASSWORD,FULL_NAME,DESCR,TITLE,CONTACT_NO,COMPANY_ID,ACTIVE_PERIOD_FROM,ACTIVE_PERIOD_TO,USER_TYPE,USER_DIVISION,DIRECT_SPV,CUST_AUTH_FLAG,EMAIL_ADDR) values (2,'TC1','TC1',null,null,null,null,null,null,null,null,null,'TC',null,null,null);
Insert into DCV_USER_ACCESS (ID,USER_NAME,USER_INITIAL,PASSWORD,FULL_NAME,DESCR,TITLE,CONTACT_NO,COMPANY_ID,ACTIVE_PERIOD_FROM,ACTIVE_PERIOD_TO,USER_TYPE,USER_DIVISION,DIRECT_SPV,CUST_AUTH_FLAG,EMAIL_ADDR) values (3,'Tax1','TX1',null,null,null,null,null,null,null,null,null,'TAX',null,null,null);
Insert into DCV_USER_ACCESS (ID,USER_NAME,USER_INITIAL,PASSWORD,FULL_NAME,DESCR,TITLE,CONTACT_NO,COMPANY_ID,ACTIVE_PERIOD_FROM,ACTIVE_PERIOD_TO,USER_TYPE,USER_DIVISION,DIRECT_SPV,CUST_AUTH_FLAG,EMAIL_ADDR) values (4,'Disti1','DX1',null,null,null,null,null,null,null,null,null,'DISTRIBUTOR',null,null,null);
Insert into DCV_USER_ACCESS (ID,USER_NAME,USER_INITIAL,PASSWORD,FULL_NAME,DESCR,TITLE,CONTACT_NO,COMPANY_ID,ACTIVE_PERIOD_FROM,ACTIVE_PERIOD_TO,USER_TYPE,USER_DIVISION,DIRECT_SPV,CUST_AUTH_FLAG,EMAIL_ADDR) values (5,'Promo1','PR1',null,null,null,null,null,null,null,null,null,'PROMO',null,null,null);
Insert into DCV_USER_ACCESS (ID,USER_NAME,USER_INITIAL,PASSWORD,FULL_NAME,DESCR,TITLE,CONTACT_NO,COMPANY_ID,ACTIVE_PERIOD_FROM,ACTIVE_PERIOD_TO,USER_TYPE,USER_DIVISION,DIRECT_SPV,CUST_AUTH_FLAG,EMAIL_ADDR) values (99,'SYSTEM','XXX',null,null,null,null,null,null,null,null,null,'SYSTEM',null,null,null);

REM INSERTING into DCV_USER_ROLE
SET DEFINE OFF;
Insert into DCV_USER_ROLE (USER_ID,ROLE_CODE) values (1,'SALES_ROLE');
Insert into DCV_USER_ROLE (USER_ID,ROLE_CODE) values (2,'TC_ROLE');
Insert into DCV_USER_ROLE (USER_ID,ROLE_CODE) values (3,'TAX_ROLE');
Insert into DCV_USER_ROLE (USER_ID,ROLE_CODE) values (4,'DISTRIBUTOR_ROLE');
Insert into DCV_USER_ROLE (USER_ID,ROLE_CODE) values (5,'PROMO_ROLE');
Insert into DCV_USER_ROLE (USER_ID,ROLE_CODE) values (6,'AP_ROLE');
Insert into DCV_USER_ROLE (USER_ID,ROLE_CODE) values (7,'AR_ROLE');
Insert into DCV_USER_ROLE (USER_ID,ROLE_CODE) values (8,'TC_SPV_ROLE');
COMMIT;

REM INSERTING into WF_NODE
SET DEFINE OFF;
Insert into WF_NODE (NODECODE,NODE_DESC,NODETYPE,NO_URUT,BAGIAN,EXECSCRIPT,PRIME_ROUTE,MERGE_COUNT,SLA1,SLA2) values ('AP2','Tunggu Selesai Buat Invoice - AP','Human',130,'AP',null,'Y',null,null,null);
Insert into WF_NODE (NODECODE,NODE_DESC,NODETYPE,NO_URUT,BAGIAN,EXECSCRIPT,PRIME_ROUTE,MERGE_COUNT,SLA1,SLA2) values ('TC2','Tunggu Terima PO & GR & Kwitansi & FP - TC','Human',100,'TC',null,'Y',null,null,null);
Insert into WF_NODE (NODECODE,NODE_DESC,NODETYPE,NO_URUT,BAGIAN,EXECSCRIPT,PRIME_ROUTE,MERGE_COUNT,SLA1,SLA2) values ('SCRP-1','TC or Sales','Script',26,'Distributor','wf_job.run_scrp1','Y',null,null,null);
Insert into WF_NODE (NODECODE,NODE_DESC,NODETYPE,NO_URUT,BAGIAN,EXECSCRIPT,PRIME_ROUTE,MERGE_COUNT,SLA1,SLA2) values ('D0','Entri Data DCV','Start',10,'Distributor',null,'Y',null,null,null);
Insert into WF_NODE (NODECODE,NODE_DESC,NODETYPE,NO_URUT,BAGIAN,EXECSCRIPT,PRIME_ROUTE,MERGE_COUNT,SLA1,SLA2) values ('SL1','Sedang Proses Sales','Human',20,'Sales',null,'Y',null,null,null);
Insert into WF_NODE (NODECODE,NODE_DESC,NODETYPE,NO_URUT,BAGIAN,EXECSCRIPT,PRIME_ROUTE,MERGE_COUNT,SLA1,SLA2) values ('END','LUNAS','End',170,'AP',null,'Y',null,null,null);
Insert into WF_NODE (NODECODE,NODE_DESC,NODETYPE,NO_URUT,BAGIAN,EXECSCRIPT,PRIME_ROUTE,MERGE_COUNT,SLA1,SLA2) values ('TC1','Sedang Proses TC','Human',30,'TC',null,'Y',null,null,null);
Insert into WF_NODE (NODECODE,NODE_DESC,NODETYPE,NO_URUT,BAGIAN,EXECSCRIPT,PRIME_ROUTE,MERGE_COUNT,SLA1,SLA2) values ('SCRP-2','Back Process','Script',34,'TC','wf_job.run_scrp2','Y',null,null,null);
Insert into WF_NODE (NODECODE,NODE_DESC,NODETYPE,NO_URUT,BAGIAN,EXECSCRIPT,PRIME_ROUTE,MERGE_COUNT,SLA1,SLA2) values ('PR1','Generate PO - Promo','Human',32,'Promo',null,'Y',null,null,null);
Insert into WF_NODE (NODECODE,NODE_DESC,NODETYPE,NO_URUT,BAGIAN,EXECSCRIPT,PRIME_ROUTE,MERGE_COUNT,SLA1,SLA2) values ('D1','Sedang Proses Distributor','Human',25,'Distributor',null,'Y',null,null,null);
Insert into WF_NODE (NODECODE,NODE_DESC,NODETYPE,NO_URUT,BAGIAN,EXECSCRIPT,PRIME_ROUTE,MERGE_COUNT,SLA1,SLA2) values ('D3','Upload no Resi Kwitansi','Human',105,'Distributor',null,'N',null,null,null);
Insert into WF_NODE (NODECODE,NODE_DESC,NODETYPE,NO_URUT,BAGIAN,EXECSCRIPT,PRIME_ROUTE,MERGE_COUNT,SLA1,SLA2) values ('TC3','Terima Kwitansi Asli','Human',106,'TC',null,'N',null,null,null);
Insert into WF_NODE (NODECODE,NODE_DESC,NODETYPE,NO_URUT,BAGIAN,EXECSCRIPT,PRIME_ROUTE,MERGE_COUNT,SLA1,SLA2) values ('TC4','Tunggu Serah Kwitansi FP PO GR - TC','Human',110,'TC',null,'Y',null,null,null);
Insert into WF_NODE (NODECODE,NODE_DESC,NODETYPE,NO_URUT,BAGIAN,EXECSCRIPT,PRIME_ROUTE,MERGE_COUNT,SLA1,SLA2) values ('PR4','Tunggu Serah Kwitansi, FP, PO, GR - Promo','Human',90,'Promo',null,'Y',null,null,null);
Insert into WF_NODE (NODECODE,NODE_DESC,NODETYPE,NO_URUT,BAGIAN,EXECSCRIPT,PRIME_ROUTE,MERGE_COUNT,SLA1,SLA2) values ('AP1','Tunggu Terima PO & GR & Kwitansi & Kwitansi Asli & FP - AP','Human',120,'AP',null,'Y',null,null,null);
Insert into WF_NODE (NODECODE,NODE_DESC,NODETYPE,NO_URUT,BAGIAN,EXECSCRIPT,PRIME_ROUTE,MERGE_COUNT,SLA1,SLA2) values ('TX2','Tunggu Serah Kwitansi dan FP - Tax','Human',60,'Tax',null,'Y',null,null,null);
Insert into WF_NODE (NODECODE,NODE_DESC,NODETYPE,NO_URUT,BAGIAN,EXECSCRIPT,PRIME_ROUTE,MERGE_COUNT,SLA1,SLA2) values ('D2','Tunggu Attach Kwitansi & FP - Distributor','Human',40,'Distributor',null,'Y',null,null,null);
Insert into WF_NODE (NODECODE,NODE_DESC,NODETYPE,NO_URUT,BAGIAN,EXECSCRIPT,PRIME_ROUTE,MERGE_COUNT,SLA1,SLA2) values ('TX1','Tunggu Verify Kwitansi & FP - Tax','Human',50,'Tax',null,'Y',null,null,null);
Insert into WF_NODE (NODECODE,NODE_DESC,NODETYPE,NO_URUT,BAGIAN,EXECSCRIPT,PRIME_ROUTE,MERGE_COUNT,SLA1,SLA2) values ('SCRP-3','Disposisi Normal atau Hold','Script',132,'AP','wf_job.run_scrp3','Y',null,null,null);
Insert into WF_NODE (NODECODE,NODE_DESC,NODETYPE,NO_URUT,BAGIAN,EXECSCRIPT,PRIME_ROUTE,MERGE_COUNT,SLA1,SLA2) values ('STOP','STOP','End',200,'TC',null,'N',null,null,null);
Insert into WF_NODE (NODECODE,NODE_DESC,NODETYPE,NO_URUT,BAGIAN,EXECSCRIPT,PRIME_ROUTE,MERGE_COUNT,SLA1,SLA2) values ('PR2','Tunggu Terima Kwitansi dan FP - Promo','Human',70,'Promo',null,'Y',null,null,null);
Insert into WF_NODE (NODECODE,NODE_DESC,NODETYPE,NO_URUT,BAGIAN,EXECSCRIPT,PRIME_ROUTE,MERGE_COUNT,SLA1,SLA2) values ('PR3','Buat GR - Promo','Human',80,'Promo',null,'Y',null,null,null);
Insert into WF_NODE (NODECODE,NODE_DESC,NODETYPE,NO_URUT,BAGIAN,EXECSCRIPT,PRIME_ROUTE,MERGE_COUNT,SLA1,SLA2) values ('AP3','Tunggu Open Disposisi Hold - AP','Human',140,'AP',null,'Y',null,null,null);
Insert into WF_NODE (NODECODE,NODE_DESC,NODETYPE,NO_URUT,BAGIAN,EXECSCRIPT,PRIME_ROUTE,MERGE_COUNT,SLA1,SLA2) values ('AP4','Tunggu Payment - AP','Human',150,'AP',null,'Y',null,null,null);
Insert into WF_NODE (NODECODE,NODE_DESC,NODETYPE,NO_URUT,BAGIAN,EXECSCRIPT,PRIME_ROUTE,MERGE_COUNT,SLA1,SLA2) values ('AR1','Tunggu ARAP Netting - AR','Human',160,'AR',null,'Y',null,null,null);
Insert into WF_NODE (NODECODE,NODE_DESC,NODETYPE,NO_URUT,BAGIAN,EXECSCRIPT,PRIME_ROUTE,MERGE_COUNT,SLA1,SLA2) values ('SPLT1','Tunggu Serah Kwitansi dan FP - Tax','Split',1000,'Tax',null,'Y',null,null,null);
Insert into WF_NODE (NODECODE,NODE_DESC,NODETYPE,NO_URUT,BAGIAN,EXECSCRIPT,PRIME_ROUTE,MERGE_COUNT,SLA1,SLA2) values ('SCRP-4','Terminate DCV','Script',140,'Distributor','wf_job.run_scrp4','Y',null,null,null);
COMMIT;


REM INSERTING into WF_ROUTE
SET DEFINE OFF;
Insert into WF_ROUTE (ID,NODE_ID,PILIHAN,DESCRIPTION,REFNODE,RETURN_TASK) values (60,'AP1',1,'Terima PO & GR & Kwitansi & Kwitansi Asli & FP','AP2',null);
Insert into WF_ROUTE (ID,NODE_ID,PILIHAN,DESCRIPTION,REFNODE,RETURN_TASK) values (61,'AP1',2,'Tolak Terima PO & GR & Kwitansi & Kwitansi Asli & FP','TC4','Y');
Insert into WF_ROUTE (ID,NODE_ID,PILIHAN,DESCRIPTION,REFNODE,RETURN_TASK) values (70,'AR1',1,'Alihkan ke Payment','AP4',null);
Insert into WF_ROUTE (ID,NODE_ID,PILIHAN,DESCRIPTION,REFNODE,RETURN_TASK) values (17,'D2',1,'Attach Kwitansi & FP','TX1',null);
Insert into WF_ROUTE (ID,NODE_ID,PILIHAN,DESCRIPTION,REFNODE,RETURN_TASK) values (18,'D3',1,'Serah Kwitansi Asli','TC3',null);
Insert into WF_ROUTE (ID,NODE_ID,PILIHAN,DESCRIPTION,REFNODE,RETURN_TASK) values (12,'D1',2,'Terminate DCV','SCRP-4',null);
Insert into WF_ROUTE (ID,NODE_ID,PILIHAN,DESCRIPTION,REFNODE,RETURN_TASK) values (20,'SL1',1,'Disetujui','TC1',null);
Insert into WF_ROUTE (ID,NODE_ID,PILIHAN,DESCRIPTION,REFNODE,RETURN_TASK) values (21,'SL1',2,'Ditolak','D1','Y');
Insert into WF_ROUTE (ID,NODE_ID,PILIHAN,DESCRIPTION,REFNODE,RETURN_TASK) values (30,'TC1',1,'Disetujui ','D2',null);
Insert into WF_ROUTE (ID,NODE_ID,PILIHAN,DESCRIPTION,REFNODE,RETURN_TASK) values (31,'TC1',2,'Ditolak','D1','Y');
Insert into WF_ROUTE (ID,NODE_ID,PILIHAN,DESCRIPTION,REFNODE,RETURN_TASK) values (34,'TC2',1,'Terima PO,GR,Kwitansi,FP','TC4',null);
Insert into WF_ROUTE (ID,NODE_ID,PILIHAN,DESCRIPTION,REFNODE,RETURN_TASK) values (35,'TC2',2,'Tolak PO,GR,Kwitansi,FP','PR4','Y');
Insert into WF_ROUTE (ID,NODE_ID,PILIHAN,DESCRIPTION,REFNODE,RETURN_TASK) values (37,'TC3',1,'Terima kwitansi asli','STOP',null);
Insert into WF_ROUTE (ID,NODE_ID,PILIHAN,DESCRIPTION,REFNODE,RETURN_TASK) values (39,'TC4',1,'Serah PO, GR, Kwitansi, Kwitansi Asli & FP ','AP1',null);
Insert into WF_ROUTE (ID,NODE_ID,PILIHAN,DESCRIPTION,REFNODE,RETURN_TASK) values (38,'TC3',2,'Tolak kwitansi asli','D3','Y');
Insert into WF_ROUTE (ID,NODE_ID,PILIHAN,DESCRIPTION,REFNODE,RETURN_TASK) values (40,'TX1',1,'Verify Kwitansi & FP Valid','SPLT1',null);
Insert into WF_ROUTE (ID,NODE_ID,PILIHAN,DESCRIPTION,REFNODE,RETURN_TASK) values (41,'TX1',2,'Verify Kwitansi & FP Tidak valid','D2','Y');
Insert into WF_ROUTE (ID,NODE_ID,PILIHAN,DESCRIPTION,REFNODE,RETURN_TASK) values (42,'TX2',1,'Serah Kwitansi & FP','PR2',null);
Insert into WF_ROUTE (ID,NODE_ID,PILIHAN,DESCRIPTION,REFNODE,RETURN_TASK) values (50,'PR1',1,'Selesai Buat PO','TC1',null);
Insert into WF_ROUTE (ID,NODE_ID,PILIHAN,DESCRIPTION,REFNODE,RETURN_TASK) values (51,'PR2',1,'Terima Kwitansi & FP','PR3',null);
Insert into WF_ROUTE (ID,NODE_ID,PILIHAN,DESCRIPTION,REFNODE,RETURN_TASK) values (52,'PR2',2,'Tolak Terima Kwitansi & FP','TX2','Y');
Insert into WF_ROUTE (ID,NODE_ID,PILIHAN,DESCRIPTION,REFNODE,RETURN_TASK) values (220,'SCRP-3',1,'Disp.Normal or Bayar ke Payment','AP4',null);
Insert into WF_ROUTE (ID,NODE_ID,PILIHAN,DESCRIPTION,REFNODE,RETURN_TASK) values (221,'SCRP-3',2,'Disposisi Hold ke Open Disp.Hold','AP3',null);
Insert into WF_ROUTE (ID,NODE_ID,PILIHAN,DESCRIPTION,REFNODE,RETURN_TASK) values (53,'PR3',1,'Selesai Buat GR','PR4',null);
Insert into WF_ROUTE (ID,NODE_ID,PILIHAN,DESCRIPTION,REFNODE,RETURN_TASK) values (210,'SCRP-2',1,'Back Proses','TC1',null);
Insert into WF_ROUTE (ID,NODE_ID,PILIHAN,DESCRIPTION,REFNODE,RETURN_TASK) values (10,'D1',1,'Submit DCV','SCRP-1',null);
Insert into WF_ROUTE (ID,NODE_ID,PILIHAN,DESCRIPTION,REFNODE,RETURN_TASK) values (32,'TC1',3,'Back Process','SCRP-2','Y');
Insert into WF_ROUTE (ID,NODE_ID,PILIHAN,DESCRIPTION,REFNODE,RETURN_TASK) values (200,'SCRP-1',1,'Submit ulang DCV','SL1',null);
Insert into WF_ROUTE (ID,NODE_ID,PILIHAN,DESCRIPTION,REFNODE,RETURN_TASK) values (201,'SCRP-1',2,'Submit ulang DCV','TC1',null);
Insert into WF_ROUTE (ID,NODE_ID,PILIHAN,DESCRIPTION,REFNODE,RETURN_TASK) values (33,'TC1',4,'Buat PO','PR1',null);
Insert into WF_ROUTE (ID,NODE_ID,PILIHAN,DESCRIPTION,REFNODE,RETURN_TASK) values (54,'PR4',1,'Serah PO & GR & Kwitansi & FP','TC2',null);
Insert into WF_ROUTE (ID,NODE_ID,PILIHAN,DESCRIPTION,REFNODE,RETURN_TASK) values (62,'AP2',1,'Selesai Buat Invoice','SCRP-3',null);
Insert into WF_ROUTE (ID,NODE_ID,PILIHAN,DESCRIPTION,REFNODE,RETURN_TASK) values (63,'AP3',1,'Open Disposisi Hold','AP4',null);
Insert into WF_ROUTE (ID,NODE_ID,PILIHAN,DESCRIPTION,REFNODE,RETURN_TASK) values (64,'AP4',1,'Alihkan ke ARAP Netting','AR1',null);
Insert into WF_ROUTE (ID,NODE_ID,PILIHAN,DESCRIPTION,REFNODE,RETURN_TASK) values (230,'SPLT1',1,'Ke Distributor','D3',null);
Insert into WF_ROUTE (ID,NODE_ID,PILIHAN,DESCRIPTION,REFNODE,RETURN_TASK) values (231,'SPLT1',2,'KE PROMO','TX2',null);
COMMIT;

REM INSERTING into DCV_PRIVS
SET DEFINE OFF;
Insert into DCV_PRIVS (ID,PRIV_NAME,DESCR,PRIV_TYPE,REF_ID) values (4177,'AP1-1','Terima PO & GR & Kwitansi & Kwitansi Asli & FP','ACTION',60);
Insert into DCV_PRIVS (ID,PRIV_NAME,DESCR,PRIV_TYPE,REF_ID) values (4178,'AP1-2','Tolak Terima PO & GR & Kwitansi & Kwitansi Asli & FP','ACTION',61);
Insert into DCV_PRIVS (ID,PRIV_NAME,DESCR,PRIV_TYPE,REF_ID) values (4179,'AR1-1','Alihkan ke Payment','ACTION',70);
Insert into DCV_PRIVS (ID,PRIV_NAME,DESCR,PRIV_TYPE,REF_ID) values (4180,'D2-1','Attach Kwitansi & FP','ACTION',17);
Insert into DCV_PRIVS (ID,PRIV_NAME,DESCR,PRIV_TYPE,REF_ID) values (4181,'D3-1','Serah Kwitansi Asli','ACTION',18);
Insert into DCV_PRIVS (ID,PRIV_NAME,DESCR,PRIV_TYPE,REF_ID) values (4182,'D1-2','Terminate DCV','ACTION',12);
Insert into DCV_PRIVS (ID,PRIV_NAME,DESCR,PRIV_TYPE,REF_ID) values (4183,'SL1-1','Disetujui','ACTION',20);
Insert into DCV_PRIVS (ID,PRIV_NAME,DESCR,PRIV_TYPE,REF_ID) values (4184,'SL1-2','Ditolak','ACTION',21);
Insert into DCV_PRIVS (ID,PRIV_NAME,DESCR,PRIV_TYPE,REF_ID) values (4185,'TC1-1','Disetujui ','ACTION',30);
Insert into DCV_PRIVS (ID,PRIV_NAME,DESCR,PRIV_TYPE,REF_ID) values (4186,'TC1-2','Ditolak','ACTION',31);
Insert into DCV_PRIVS (ID,PRIV_NAME,DESCR,PRIV_TYPE,REF_ID) values (4187,'TC2-1','Terima PO,GR,Kwitansi,FP','ACTION',34);
Insert into DCV_PRIVS (ID,PRIV_NAME,DESCR,PRIV_TYPE,REF_ID) values (4188,'TC2-2','Tolak PO,GR,Kwitansi,FP','ACTION',35);
Insert into DCV_PRIVS (ID,PRIV_NAME,DESCR,PRIV_TYPE,REF_ID) values (4189,'TC3-1','Terima kwitansi asli','ACTION',37);
Insert into DCV_PRIVS (ID,PRIV_NAME,DESCR,PRIV_TYPE,REF_ID) values (4190,'TC4-1','Serah PO, GR, Kwitansi, Kwitansi Asli & FP ','ACTION',39);
Insert into DCV_PRIVS (ID,PRIV_NAME,DESCR,PRIV_TYPE,REF_ID) values (4191,'TC3-2','Tolak kwitansi asli','ACTION',38);
Insert into DCV_PRIVS (ID,PRIV_NAME,DESCR,PRIV_TYPE,REF_ID) values (4192,'TX1-1','Verify Kwitansi & FP Valid','ACTION',40);
Insert into DCV_PRIVS (ID,PRIV_NAME,DESCR,PRIV_TYPE,REF_ID) values (4193,'TX1-2','Verify Kwitansi & FP Tidak valid','ACTION',41);
Insert into DCV_PRIVS (ID,PRIV_NAME,DESCR,PRIV_TYPE,REF_ID) values (4194,'TX2-1','Serah Kwitansi & FP','ACTION',42);
Insert into DCV_PRIVS (ID,PRIV_NAME,DESCR,PRIV_TYPE,REF_ID) values (4195,'PR1-1','Selesai Buat PO','ACTION',50);
Insert into DCV_PRIVS (ID,PRIV_NAME,DESCR,PRIV_TYPE,REF_ID) values (4196,'PR2-1','Terima Kwitansi & FP','ACTION',51);
Insert into DCV_PRIVS (ID,PRIV_NAME,DESCR,PRIV_TYPE,REF_ID) values (4197,'PR2-2','Tolak Terima Kwitansi & FP','ACTION',52);
Insert into DCV_PRIVS (ID,PRIV_NAME,DESCR,PRIV_TYPE,REF_ID) values (4200,'PR3-1','Selesai Buat GR','ACTION',53);
Insert into DCV_PRIVS (ID,PRIV_NAME,DESCR,PRIV_TYPE,REF_ID) values (4202,'D1-1','Submit DCV','ACTION',10);
Insert into DCV_PRIVS (ID,PRIV_NAME,DESCR,PRIV_TYPE,REF_ID) values (4203,'TC1-3','Back Process','ACTION',32);
Insert into DCV_PRIVS (ID,PRIV_NAME,DESCR,PRIV_TYPE,REF_ID) values (4206,'TC1-4','Buat PO','ACTION',33);
Insert into DCV_PRIVS (ID,PRIV_NAME,DESCR,PRIV_TYPE,REF_ID) values (4207,'PR4-1','Serah PO & GR & Kwitansi & FP','ACTION',54);
Insert into DCV_PRIVS (ID,PRIV_NAME,DESCR,PRIV_TYPE,REF_ID) values (4208,'AP2-1','Selesai Buat Invoice','ACTION',62);
Insert into DCV_PRIVS (ID,PRIV_NAME,DESCR,PRIV_TYPE,REF_ID) values (4209,'AP3-1','Open Disposisi Hold','ACTION',63);
Insert into DCV_PRIVS (ID,PRIV_NAME,DESCR,PRIV_TYPE,REF_ID) values (4210,'AP4-1','Alihkan ke ARAP Netting','ACTION',64);
COMMIT;

REM INSERTING into ROLE_PRIVS
SET DEFINE OFF;
Insert into ROLE_PRIVS (ROLE_CODE,PRIV_ID) values ('AP_ROLE',4177);
Insert into ROLE_PRIVS (ROLE_CODE,PRIV_ID) values ('AP_ROLE',4178);
Insert into ROLE_PRIVS (ROLE_CODE,PRIV_ID) values ('AP_ROLE',4208);
Insert into ROLE_PRIVS (ROLE_CODE,PRIV_ID) values ('AP_ROLE',4209);
Insert into ROLE_PRIVS (ROLE_CODE,PRIV_ID) values ('AP_ROLE',4210);
Insert into ROLE_PRIVS (ROLE_CODE,PRIV_ID) values ('AR_ROLE',4179);
Insert into ROLE_PRIVS (ROLE_CODE,PRIV_ID) values ('DISTRIBUTOR_ROLE',4180);
Insert into ROLE_PRIVS (ROLE_CODE,PRIV_ID) values ('DISTRIBUTOR_ROLE',4181);
Insert into ROLE_PRIVS (ROLE_CODE,PRIV_ID) values ('DISTRIBUTOR_ROLE',4182);
Insert into ROLE_PRIVS (ROLE_CODE,PRIV_ID) values ('DISTRIBUTOR_ROLE',4202);
Insert into ROLE_PRIVS (ROLE_CODE,PRIV_ID) values ('PROMO_ROLE',4195);
Insert into ROLE_PRIVS (ROLE_CODE,PRIV_ID) values ('PROMO_ROLE',4196);
Insert into ROLE_PRIVS (ROLE_CODE,PRIV_ID) values ('PROMO_ROLE',4197);
Insert into ROLE_PRIVS (ROLE_CODE,PRIV_ID) values ('PROMO_ROLE',4200);
Insert into ROLE_PRIVS (ROLE_CODE,PRIV_ID) values ('PROMO_ROLE',4207);
Insert into ROLE_PRIVS (ROLE_CODE,PRIV_ID) values ('SALES_ROLE',4183);
Insert into ROLE_PRIVS (ROLE_CODE,PRIV_ID) values ('SALES_ROLE',4184);
Insert into ROLE_PRIVS (ROLE_CODE,PRIV_ID) values ('TAX_ROLE',4192);
Insert into ROLE_PRIVS (ROLE_CODE,PRIV_ID) values ('TAX_ROLE',4193);
Insert into ROLE_PRIVS (ROLE_CODE,PRIV_ID) values ('TAX_ROLE',4194);
Insert into ROLE_PRIVS (ROLE_CODE,PRIV_ID) values ('TC_ROLE',4187);
Insert into ROLE_PRIVS (ROLE_CODE,PRIV_ID) values ('TC_ROLE',4188);
Insert into ROLE_PRIVS (ROLE_CODE,PRIV_ID) values ('TC_ROLE',4189);
Insert into ROLE_PRIVS (ROLE_CODE,PRIV_ID) values ('TC_ROLE',4190);
Insert into ROLE_PRIVS (ROLE_CODE,PRIV_ID) values ('TC_ROLE',4191);
Insert into ROLE_PRIVS (ROLE_CODE,PRIV_ID) values ('TC_ROLE',4203);
Insert into ROLE_PRIVS (ROLE_CODE,PRIV_ID) values ('TC_ROLE',4206);
Insert into ROLE_PRIVS (ROLE_CODE,PRIV_ID) values ('TC_SPV_ROLE',4185);
Insert into ROLE_PRIVS (ROLE_CODE,PRIV_ID) values ('TC_SPV_ROLE',4186);
Insert into ROLE_PRIVS (ROLE_CODE,PRIV_ID) values ('TC_SPV_ROLE',4187);
Insert into ROLE_PRIVS (ROLE_CODE,PRIV_ID) values ('TC_SPV_ROLE',4188);
Insert into ROLE_PRIVS (ROLE_CODE,PRIV_ID) values ('TC_SPV_ROLE',4189);
Insert into ROLE_PRIVS (ROLE_CODE,PRIV_ID) values ('TC_SPV_ROLE',4190);
Insert into ROLE_PRIVS (ROLE_CODE,PRIV_ID) values ('TC_SPV_ROLE',4191);
Insert into ROLE_PRIVS (ROLE_CODE,PRIV_ID) values ('TC_SPV_ROLE',4203);
Insert into ROLE_PRIVS (ROLE_CODE,PRIV_ID) values ('TC_SPV_ROLE',4206);
COMMIT;

REM INSERTING into HOLIDAY
SET DEFINE OFF;
Insert into HOLIDAY (ID,TGL_LIBUR,DESCRIPTION) values (1,to_date('07-MAR-19','DD-MON-RR'),'Hari Raya Nyepi');
Insert into HOLIDAY (ID,TGL_LIBUR,DESCRIPTION) values (2,to_date('03-APR-19','DD-MON-RR'),'Hari Raya Nyepi');
Insert into HOLIDAY (ID,TGL_LIBUR,DESCRIPTION) values (3,to_date('19-APR-19','DD-MON-RR'),'Isra Mi''raj');
COMMIT;

REM INSERTING into PARAMETER
SET DEFINE OFF;
Insert into PARAMETER (ID,TITLE,VALUE,DESCR) values (1,'EMAIL.SERVER_IP','192.168.000.000','Alamat IP server email');
Insert into PARAMETER (ID,TITLE,VALUE,DESCR) values (2,'EMAIL.SERVER_PORT','42','Port number');
Insert into PARAMETER (ID,TITLE,VALUE,DESCR) values (3,'EMAIL.USERNAME','XXXX','Username untuk server email');
Insert into PARAMETER (ID,TITLE,VALUE,DESCR) values (4,'EMAIL.PASSWD','XXXXX','Passwordl unt server email');
Insert into PARAMETER (ID,TITLE,VALUE,DESCR) values (5,'EMAIL.FROMADDR','admin@focus.co.id',null);
COMMIT;

REM SETUP TABLE DCV_NUMBER UNTUK 20 THN
BEGIN
FOR I IN 0..240 LOOP
  INSERT INTO DCV_NUMBER (PERIOD, LASTNUM, MODIFIED_DT)
  VALUES (TO_NUMBER(TO_CHAR(ADD_MONTHS('01-JAN-2019',i),'YYYYMM')), 0, SYSDATE);
END LOOP;
END;
/
COMMIT;

REM INSERTING into DCV_REQUEST
SET DEFINE OFF;
Insert into DCV_REQUEST (DCVH_ID,DCVH_CUST_CODE,DCVH_CUST_NAME,DCVH_COMPANY,DCVH_NO_PC,DCVH_KEY_PC,DCVH_PERIODE_DCV_START,DCVH_PERIODE_DCV_END,DCVH_PC_KATEGORI,DCVH_PC_TIPE,DCVH_PERIODE_PC_START,
  DCVH_PERIODE_PC_END,DCVH_NO_DCV,DCVH_SUBMIT_TIME, DCVH_VALUE,DCVH_APPV_VALUE,DCVH_KETR_KWITANSI,DCVH_METODE_BAYAR,DCVH_STATUS,DCVH_CURRENT_STEP,DCVH_LAST_STEP,MODIFIED_DT,MODIFIED_BY)
values (1,'223','Matamata','FDI','I0318000406','224304-504',to_date('01-MAR-19','DD-MON-RR'),to_date('31-MAR-19','DD-MON-RR'),'FOOD',null,to_date('01-MAR-19','DD-MON-RR'),
to_date('30-APR-19','DD-MON-RR'),'201903000001',to_date('01-APR-19','DD-MON-RR'),20000000,20000000,null, null,'PAID','Tunggu Payment - AP','Alihkan ke Payment - AR',to_date('01-SEP-19','DD-MON-RR'),'AR1');
COMMIT;

REM INSERTING into WF_TASK
SET DEFINE OFF;
Insert into WF_TASK (ID,NO_DCV,TASK_TYPE,ASSIGN_TIME,BAGIAN,SORTING_TAG,PROGRESS_STATUS,NODECODE,PREV_TASK,TAHAPAN,DECISION,EXECSCRIPT,NEXT_TASK,NEXT_NODE,NOTE,PRIME_ROUTE,RETURN_TASK,PROCESS_BY,PROCESS_TIME,SLA,ROLLBACK_TASK,ROLLBACK_ID,BEBAN_SLA) values (1,'201903000001','Start',to_date('14-APR-19','DD-MON-RR'),'DISTRIBUTOR',null,'DONE','D0',null,null,1,null,2,'SL1',null,'Y',null,'Disti1',to_date('14-APR-19','DD-MON-RR'),null,null,null,null);
Insert into WF_TASK (ID,NO_DCV,TASK_TYPE,ASSIGN_TIME,BAGIAN,SORTING_TAG,PROGRESS_STATUS,NODECODE,PREV_TASK,TAHAPAN,DECISION,EXECSCRIPT,NEXT_TASK,NEXT_NODE,NOTE,PRIME_ROUTE,RETURN_TASK,PROCESS_BY,PROCESS_TIME,SLA,ROLLBACK_TASK,ROLLBACK_ID,BEBAN_SLA) values (2,'201903000001','Human',to_date('15-APR-19','DD-MON-RR'),'SALES',null,'DONE','SL1',1,'Disetujui - SALES',1,null,4072,'TC1',null,'Y',null,'Sales1',to_date('01-SEP-19','DD-MON-RR'),null,null,null,null);
Insert into WF_TASK (ID,NO_DCV,TASK_TYPE,ASSIGN_TIME,BAGIAN,SORTING_TAG,PROGRESS_STATUS,NODECODE,PREV_TASK,TAHAPAN,DECISION,EXECSCRIPT,NEXT_TASK,NEXT_NODE,NOTE,PRIME_ROUTE,RETURN_TASK,PROCESS_BY,PROCESS_TIME,SLA,ROLLBACK_TASK,ROLLBACK_ID,BEBAN_SLA) values (4072,'201903000001','Human',to_date('01-SEP-19','DD-MON-RR'),'TC',null,'DONE','TC1',2,'Disetujui  - TC',1,null,4073,'D2',null,'Y',null,'TC1',to_date('01-SEP-19','DD-MON-RR'),null,null,null,null);
Insert into WF_TASK (ID,NO_DCV,TASK_TYPE,ASSIGN_TIME,BAGIAN,SORTING_TAG,PROGRESS_STATUS,NODECODE,PREV_TASK,TAHAPAN,DECISION,EXECSCRIPT,NEXT_TASK,NEXT_NODE,NOTE,PRIME_ROUTE,RETURN_TASK,PROCESS_BY,PROCESS_TIME,SLA,ROLLBACK_TASK,ROLLBACK_ID,BEBAN_SLA) values (4073,'201903000001','Human',to_date('01-SEP-19','DD-MON-RR'),'DISTRIBUTOR',null,'DONE','D2',4072,'Attach Kwitansi & FP - DISTRIBUTOR',1,null,4077,'TX1',null,'Y',null,'Disti1',to_date('01-SEP-19','DD-MON-RR'),null,null,null,null);
Insert into WF_TASK (ID,NO_DCV,TASK_TYPE,ASSIGN_TIME,BAGIAN,SORTING_TAG,PROGRESS_STATUS,NODECODE,PREV_TASK,TAHAPAN,DECISION,EXECSCRIPT,NEXT_TASK,NEXT_NODE,NOTE,PRIME_ROUTE,RETURN_TASK,PROCESS_BY,PROCESS_TIME,SLA,ROLLBACK_TASK,ROLLBACK_ID,BEBAN_SLA) values (4077,'201903000001','Human',to_date('01-SEP-19','DD-MON-RR'),'TAX',null,'DONE','TX1',4073,'Verify Kwitansi & FP Valid - TAX',1,null,null,null,null,'Y',null,'Tax1',to_date('01-SEP-19','DD-MON-RR'),null,null,null,null);
Insert into WF_TASK (ID,NO_DCV,TASK_TYPE,ASSIGN_TIME,BAGIAN,SORTING_TAG,PROGRESS_STATUS,NODECODE,PREV_TASK,TAHAPAN,DECISION,EXECSCRIPT,NEXT_TASK,NEXT_NODE,NOTE,PRIME_ROUTE,RETURN_TASK,PROCESS_BY,PROCESS_TIME,SLA,ROLLBACK_TASK,ROLLBACK_ID,BEBAN_SLA) values (4086,'201903000001','Human',to_date('01-SEP-19','DD-MON-RR'),'DISTRIBUTOR',null,'DONE','D3',4077,'Serah Kwitansi Asli - DISTRIBUTOR',1,null,4090,'TC3',null,'N','N','Disti1',to_date('01-SEP-19','DD-MON-RR'),null,null,null,null);
Insert into WF_TASK (ID,NO_DCV,TASK_TYPE,ASSIGN_TIME,BAGIAN,SORTING_TAG,PROGRESS_STATUS,NODECODE,PREV_TASK,TAHAPAN,DECISION,EXECSCRIPT,NEXT_TASK,NEXT_NODE,NOTE,PRIME_ROUTE,RETURN_TASK,PROCESS_BY,PROCESS_TIME,SLA,ROLLBACK_TASK,ROLLBACK_ID,BEBAN_SLA) values (4087,'201903000001','Human',to_date('01-SEP-19','DD-MON-RR'),'TAX',null,'DONE','TX2',4077,'Serah Kwitansi & FP - TAX',1,null,4088,'PR2',null,'Y','N','Tax1',to_date('01-SEP-19','DD-MON-RR'),null,null,null,null);
Insert into WF_TASK (ID,NO_DCV,TASK_TYPE,ASSIGN_TIME,BAGIAN,SORTING_TAG,PROGRESS_STATUS,NODECODE,PREV_TASK,TAHAPAN,DECISION,EXECSCRIPT,NEXT_TASK,NEXT_NODE,NOTE,PRIME_ROUTE,RETURN_TASK,PROCESS_BY,PROCESS_TIME,SLA,ROLLBACK_TASK,ROLLBACK_ID,BEBAN_SLA) values (4088,'201903000001','Human',to_date('01-SEP-19','DD-MON-RR'),'PROMO',null,'DONE','PR2',4087,'Terima Kwitansi & FP - PROMO',1,null,4091,'PR3',null,'Y',null,'Promo1',to_date('01-SEP-19','DD-MON-RR'),null,null,null,null);
Insert into WF_TASK (ID,NO_DCV,TASK_TYPE,ASSIGN_TIME,BAGIAN,SORTING_TAG,PROGRESS_STATUS,NODECODE,PREV_TASK,TAHAPAN,DECISION,EXECSCRIPT,NEXT_TASK,NEXT_NODE,NOTE,PRIME_ROUTE,RETURN_TASK,PROCESS_BY,PROCESS_TIME,SLA,ROLLBACK_TASK,ROLLBACK_ID,BEBAN_SLA) values (4090,'201903000001','Human',to_date('01-SEP-19','DD-MON-RR'),'TC',null,'DONE','TC3',4086,'Terima kwitansi asli - TC',1,null,null,null,null,'N',null,'TC1',to_date('01-SEP-19','DD-MON-RR'),null,null,null,null);
Insert into WF_TASK (ID,NO_DCV,TASK_TYPE,ASSIGN_TIME,BAGIAN,SORTING_TAG,PROGRESS_STATUS,NODECODE,PREV_TASK,TAHAPAN,DECISION,EXECSCRIPT,NEXT_TASK,NEXT_NODE,NOTE,PRIME_ROUTE,RETURN_TASK,PROCESS_BY,PROCESS_TIME,SLA,ROLLBACK_TASK,ROLLBACK_ID,BEBAN_SLA) values (4091,'201903000001','Human',to_date('01-SEP-19','DD-MON-RR'),'PROMO',null,'DONE','PR3',4088,'Selesai Buat GR - PROMO',1,null,4092,'PR4',null,'Y',null,'Promo1',to_date('01-SEP-19','DD-MON-RR'),null,null,null,null);
Insert into WF_TASK (ID,NO_DCV,TASK_TYPE,ASSIGN_TIME,BAGIAN,SORTING_TAG,PROGRESS_STATUS,NODECODE,PREV_TASK,TAHAPAN,DECISION,EXECSCRIPT,NEXT_TASK,NEXT_NODE,NOTE,PRIME_ROUTE,RETURN_TASK,PROCESS_BY,PROCESS_TIME,SLA,ROLLBACK_TASK,ROLLBACK_ID,BEBAN_SLA) values (4092,'201903000001','Human',to_date('01-SEP-19','DD-MON-RR'),'PROMO',null,'DONE','PR4',4091,'Serah PO & GR & Kwitansi & FP - PROMO',1,null,4093,'TC2',null,'Y',null,'Promo1',to_date('01-SEP-19','DD-MON-RR'),null,null,null,null);
Insert into WF_TASK (ID,NO_DCV,TASK_TYPE,ASSIGN_TIME,BAGIAN,SORTING_TAG,PROGRESS_STATUS,NODECODE,PREV_TASK,TAHAPAN,DECISION,EXECSCRIPT,NEXT_TASK,NEXT_NODE,NOTE,PRIME_ROUTE,RETURN_TASK,PROCESS_BY,PROCESS_TIME,SLA,ROLLBACK_TASK,ROLLBACK_ID,BEBAN_SLA) values (4093,'201903000001','Human',to_date('01-SEP-19','DD-MON-RR'),'TC',null,'DONE','TC2',4092,'Terima PO,GR,Kwitansi,FP - TC',1,null,4094,'TC4',null,'Y',null,'TC1',to_date('01-SEP-19','DD-MON-RR'),null,null,null,null);
Insert into WF_TASK (ID,NO_DCV,TASK_TYPE,ASSIGN_TIME,BAGIAN,SORTING_TAG,PROGRESS_STATUS,NODECODE,PREV_TASK,TAHAPAN,DECISION,EXECSCRIPT,NEXT_TASK,NEXT_NODE,NOTE,PRIME_ROUTE,RETURN_TASK,PROCESS_BY,PROCESS_TIME,SLA,ROLLBACK_TASK,ROLLBACK_ID,BEBAN_SLA) values (4094,'201903000001','Human',to_date('01-SEP-19','DD-MON-RR'),'TC',null,'DONE','TC4',4093,'Serah PO, GR, Kwitansi, Kwitansi Asli & FP  - TC',1,null,4095,'AP1',null,'Y',null,'TC1',to_date('01-SEP-19','DD-MON-RR'),null,null,null,null);
Insert into WF_TASK (ID,NO_DCV,TASK_TYPE,ASSIGN_TIME,BAGIAN,SORTING_TAG,PROGRESS_STATUS,NODECODE,PREV_TASK,TAHAPAN,DECISION,EXECSCRIPT,NEXT_TASK,NEXT_NODE,NOTE,PRIME_ROUTE,RETURN_TASK,PROCESS_BY,PROCESS_TIME,SLA,ROLLBACK_TASK,ROLLBACK_ID,BEBAN_SLA) values (4095,'201903000001','Human',to_date('01-SEP-19','DD-MON-RR'),'AP',null,'DONE','AP1',4094,'Terima PO & GR & Kwitansi & Kwitansi Asli & FP - AP',1,null,4096,'AP2',null,'Y',null,'AP1',to_date('01-SEP-19','DD-MON-RR'),null,null,null,null);
Insert into WF_TASK (ID,NO_DCV,TASK_TYPE,ASSIGN_TIME,BAGIAN,SORTING_TAG,PROGRESS_STATUS,NODECODE,PREV_TASK,TAHAPAN,DECISION,EXECSCRIPT,NEXT_TASK,NEXT_NODE,NOTE,PRIME_ROUTE,RETURN_TASK,PROCESS_BY,PROCESS_TIME,SLA,ROLLBACK_TASK,ROLLBACK_ID,BEBAN_SLA) values (4096,'201903000001','Human',to_date('01-SEP-19','DD-MON-RR'),'AP',null,'DONE','AP2',4095,'Selesai Buat Invoice - AP',1,null,4097,'SCRP-3',null,'Y',null,'AP1',to_date('01-SEP-19','DD-MON-RR'),null,null,null,null);
Insert into WF_TASK (ID,NO_DCV,TASK_TYPE,ASSIGN_TIME,BAGIAN,SORTING_TAG,PROGRESS_STATUS,NODECODE,PREV_TASK,TAHAPAN,DECISION,EXECSCRIPT,NEXT_TASK,NEXT_NODE,NOTE,PRIME_ROUTE,RETURN_TASK,PROCESS_BY,PROCESS_TIME,SLA,ROLLBACK_TASK,ROLLBACK_ID,BEBAN_SLA) values (4097,'201903000001','Script',to_date('01-SEP-19','DD-MON-RR'),'AP',null,'DONE','SCRP-3',4096,'Disp.Normal or Bayar ke Payment - AP',1,'wf_job.run_scrp3',4098,'AP4',null,'Y',null,'AP1',to_date('01-SEP-19','DD-MON-RR'),null,null,null,null);
Insert into WF_TASK (ID,NO_DCV,TASK_TYPE,ASSIGN_TIME,BAGIAN,SORTING_TAG,PROGRESS_STATUS,NODECODE,PREV_TASK,TAHAPAN,DECISION,EXECSCRIPT,NEXT_TASK,NEXT_NODE,NOTE,PRIME_ROUTE,RETURN_TASK,PROCESS_BY,PROCESS_TIME,SLA,ROLLBACK_TASK,ROLLBACK_ID,BEBAN_SLA) values (4098,'201903000001','Human',to_date('01-SEP-19','DD-MON-RR'),'AP',null,'DONE','AP4',4097,'Alihkan ke ARAP Netting - AP',1,null,4099,'AR1',null,'Y',null,'AP1',to_date('01-SEP-19','DD-MON-RR'),null,null,null,null);
Insert into WF_TASK (ID,NO_DCV,TASK_TYPE,ASSIGN_TIME,BAGIAN,SORTING_TAG,PROGRESS_STATUS,NODECODE,PREV_TASK,TAHAPAN,DECISION,EXECSCRIPT,NEXT_TASK,NEXT_NODE,NOTE,PRIME_ROUTE,RETURN_TASK,PROCESS_BY,PROCESS_TIME,SLA,ROLLBACK_TASK,ROLLBACK_ID,BEBAN_SLA) values (4099,'201903000001','Human',to_date('01-SEP-19','DD-MON-RR'),'AR',null,'DONE','AR1',4098,'Alihkan ke Payment - AR',1,null,4100,'AP4',null,'Y',null,'AR1',to_date('01-SEP-19','DD-MON-RR'),null,null,null,null);
Insert into WF_TASK (ID,NO_DCV,TASK_TYPE,ASSIGN_TIME,BAGIAN,SORTING_TAG,PROGRESS_STATUS,NODECODE,PREV_TASK,TAHAPAN,DECISION,EXECSCRIPT,NEXT_TASK,NEXT_NODE,NOTE,PRIME_ROUTE,RETURN_TASK,PROCESS_BY,PROCESS_TIME,SLA,ROLLBACK_TASK,ROLLBACK_ID,BEBAN_SLA) values (4100,'201903000001','Human',to_date('01-SEP-19','DD-MON-RR'),'AP',null,'DONE','AP4',4099,'Tunggu Payment - AP',null,null,null,null,null,'Y',null,'EBS',to_date('01-SEP-19','DD-MON-RR'),null,null,null,null);
COMMIT;
